,precision,recall,f1-score,support
0,0.7171492204899778,0.9498525073746312,0.817258883248731,339.0
accuracy,0.7595993322203672,0.7595993322203672,0.7595993322203672,0.7595993322203672
weighted avg,0.7907294141559864,0.7595993322203672,0.7441296965786112,599.0
macro avg,0.8019079435783223,0.7306954844565463,0.7330196855268045,599.0
1,0.8866666666666667,0.5115384615384615,0.6487804878048781,260.0
