,precision,recall,f1-score,support
0,0.5861297539149888,0.9065743944636678,0.7119565217391305,289.0
accuracy,0.6306620209059234,0.6306620209059234,0.6306620209059234,0.6306620209059234
weighted avg,0.6860643688159049,0.6306620209059234,0.5994859744698876,574.0
macro avg,0.6867656643590692,0.6287257937230619,0.598696707471507,574.0
1,0.7874015748031497,0.3508771929824561,0.4854368932038835,285.0
