,precision,recall,f1-score,support
0,0.6871508379888268,0.8601398601398601,0.7639751552795031,143.0
accuracy,0.7205882352941176,0.7205882352941176,0.7205882352941176,0.7205882352941176
weighted avg,0.7335317439284237,0.7205882352941176,0.7135525185397308,272.0
macro avg,0.7360485372739833,0.7130156665040386,0.7108164064685805,272.0
1,0.7849462365591398,0.5658914728682171,0.6576576576576577,129.0
