,precision,recall,f1-score,support
0,0.7209821428571429,0.9528023598820059,0.820838627700127,339.0
accuracy,0.7646076794657763,0.7646076794657763,0.7646076794657763,0.7646076794657763
weighted avg,0.7960989608587633,0.7646076794657763,0.7496948489121406,599.0
macro avg,0.8075109389782403,0.7360165645563876,0.738886467134735,599.0
1,0.8940397350993378,0.5192307692307693,0.656934306569343,260.0
