,precision,recall,f1-score,support
0,0.5759717314487632,0.9760479041916168,0.7244444444444444,167.0
accuracy,0.6982968369829684,0.6982968369829684,0.6982968369829684,0.6982968369829684
macro avg,0.7723608657243817,0.7421223127515462,0.6955555555555555,411.0
weighted avg,0.8091539638733418,0.6982968369829684,0.6901432819680995,411.0
1,0.96875,0.5081967213114754,0.6666666666666666,244.0
